{
  "rulesDirectory": [
    "node_modules/codelyzer"
  ],
  "rules": {
    "align": {
      "options": [
        "parameters",
        "statements"
      ]
    },
    "array-type": {
      "options": [
        "array"
      ]
    },
    "arrow-parens": true,
    "arrow-return-shorthand": true,
    "ban-types": {
      "options": [
        [
          "Object",
          "Avoid using the `Object` type. Did you mean `object`?"
        ],
        [
          "Function",
          "Avoid using the `Function` type. Prefer a specific function type, like `() => void`."
        ],
        [
          "Boolean",
          "Avoid using the `Boolean` type. Did you mean `boolean`?"
        ],
        [
          "Number",
          "Avoid using the `Number` type. Did you mean `number`?"
        ],
        [
          "String",
          "Avoid using the `String` type. Did you mean `string`?"
        ],
        [
          "Symbol",
          "Avoid using the `Symbol` type. Did you mean `symbol`?"
        ]
      ]
    },
    "callable-types": true,
    "class-name": true,
    "comment-format": [
      true,
      "check-space"
    ],
    "curly": true,
    "cyclomatic-complexity": false,
    "deprecation": {
      "severity": "warn"
    },
    "eofline": true,
    "forin": true,
    "import-blacklist": [
      true,
      "rxjs",
      "rxjs/Rx"
    ],
    "import-spacing": true,
    "indent": [
      false,
      "spaces"
    ],
    "interface-name": {
      "options": [
        "always-prefix"
      ]
    },
    "interface-over-type-literal": true,
    "label-position": true,
    "max-classes-per-file": {
      "options": [
        3
      ]
    },
    "max-line-length": [
      false,
      140
    ],
    "member-access": true,
    "member-ordering": [
      true,
      {
        "order": [
          "static-field",
          "instance-field",
          "static-method",
          "instance-method"
        ]
      }
    ],
    "new-parens": true,
    "no-angle-bracket-type-assertion": true,
    "no-any": false,
    "no-arg": true,
    "no-bitwise": true,
    "no-conditional-assignment": false,
    "no-consecutive-blank-lines": true,
    "no-console": [
      true,
      "debug",
      "info",
      "time",
      "timeEnd",
      "trace"
    ],
    "no-construct": true,
    "no-debugger": true,
    "no-duplicate-super": true,
    "no-empty": false,
    "no-empty-interface": true,
    "no-eval": true,
    "no-inferrable-types": [
      false,
      "ignore-params"
    ],
    "no-misused-new": true,
    "no-non-null-assertion": true,
    "no-shadowed-variable": true,
    "no-string-literal": false,
    "no-string-throw": true,
    "no-switch-case-fall-through": true,
    "no-trailing-whitespace": true,
    "no-unnecessary-initializer": true,
    "no-unused-expression": false,
    "no-use-before-declare": false,
    "no-var-keyword": true,
    "object-literal-sort-keys": false,
    "one-line": [
      true,
      "check-open-brace",
      "check-catch",
      "check-else",
      "check-whitespace"
    ],
    "one-variable-per-declaration": {
      "options": [
        "ignore-for-loop"
      ]
    },
    "only-arrow-functions": {
      "options": [
        "allow-declarations",
        "allow-named-functions"
      ]
    },
    "ordered-imports": {
      "options": {
        "import-sources-order": "case-insensitive",
        "named-imports-order": "case-insensitive"
      }
    },
    "prefer-const": true,
    "quotemark": [
      true,
      "single"
    ],
    "radix": true,
    "semicolon": [
      true,
      "always"
    ],
    "space-before-function-paren": {
      "options": {
        "anonymous": "never",
        "asyncArrow": "always",
        "constructor": "never",
        "method": "never",
        "named": "never"
      }
    },
    "trailing-comma": false,
    "triple-equals": [
      true,
      "allow-null-check"
    ],
    "typedef-whitespace": [
      true,
      {
        "call-signature": "nospace",
        "index-signature": "nospace",
        "parameter": "nospace",
        "property-declaration": "nospace",
        "variable-declaration": "nospace"
      }
    ],
    "unified-signatures": true,
    "variable-name": false,
    "whitespace": [
      true,
      "check-branch",
      "check-decl",
      "check-operator",
      "check-separator",
      "check-type"
    ],
    "directive-selector": [
      false,
      "attribute",
      "",
      "camelCase"
    ],
    "component-selector": [
      false,
      "element",
      "app",
      "kebab-case"
    ],
    "no-output-on-prefix": true,
    "use-input-property-decorator": true,
    "use-output-property-decorator": true,
    "use-host-property-decorator": true,
    "no-input-rename": false,
    "no-output-rename": false,
    "use-life-cycle-interface": true,
    "use-pipe-transform-interface": true,
    "component-class-suffix": false,
    "directive-class-suffix": true
  }
}
