[{
    "id": 1,
    "first_name": "Elwood",
    "last_name": "Bensen",
    "email": "ebensen0@tinypic.com",
    "gender": "Male",
    "ip_address": "58.80.73.142"
  }, {
    "id": 2,
    "first_name": "Bliss",
    "last_name": "Redferne",
    "email": "bredferne1@etsy.com",
    "gender": "Female",
    "ip_address": "26.130.35.163"
  }, {
    "id": 3,
    "first_name": "Aurora",
    "last_name": "Fundell",
    "email": "afundell2@yale.edu",
    "gender": "Female",
    "ip_address": "180.75.7.59"
  }, {
    "id": 4,
    "first_name": "Kahlil",
    "last_name": "Cudbertson",
    "email": "kcudbertson3@hp.com",
    "gender": "Male",
    "ip_address": "99.242.96.38"
  }, {
    "id": 5,
    "first_name": "Norby",
    "last_name": "Spradbery",
    "email": "nspradbery4@dagondesign.com",
    "gender": "Male",
    "ip_address": "248.156.16.214"
  }, {
    "id": 6,
    "first_name": "Conrade",
    "last_name": "Rhodes",
    "email": "crhodes5@studiopress.com",
    "gender": "Male",
    "ip_address": "204.217.235.1"
  }, {
    "id": 7,
    "first_name": "Mallissa",
    "last_name": "Lindwasser",
    "email": "mlindwasser6@list-manage.com",
    "gender": "Female",
    "ip_address": "107.176.104.131"
  }, {
    "id": 8,
    "first_name": "Tailor",
    "last_name": "Schuler",
    "email": "tschuler7@marketwatch.com",
    "gender": "Male",
    "ip_address": "108.222.80.109"
  }, {
    "id": 9,
    "first_name": "Elisa",
    "last_name": "Esmond",
    "email": "eesmond8@elegantthemes.com",
    "gender": "Female",
    "ip_address": "83.36.44.64"
  }, {
    "id": 10,
    "first_name": "Kenneth",
    "last_name": "Fuchs",
    "email": "kfuchs9@bandcamp.com",
    "gender": "Male",
    "ip_address": "94.202.38.155"
  }, {
    "id": 11,
    "first_name": "Ernestus",
    "last_name": "Knifton",
    "email": "ekniftona@so-net.ne.jp",
    "gender": "Male",
    "ip_address": "162.103.243.123"
  }, {
    "id": 12,
    "first_name": "Zitella",
    "last_name": "Peeter",
    "email": "zpeeterb@ihg.com",
    "gender": "Female",
    "ip_address": "186.2.54.171"
  }, {
    "id": 13,
    "first_name": "Randie",
    "last_name": "Veltman",
    "email": "rveltmanc@umich.edu",
    "gender": "Female",
    "ip_address": "25.231.234.41"
  }, {
    "id": 14,
    "first_name": "Mitch",
    "last_name": "Tosney",
    "email": "mtosneyd@weebly.com",
    "gender": "Male",
    "ip_address": "97.104.63.148"
  }, {
    "id": 15,
    "first_name": "Micky",
    "last_name": "Lichtfoth",
    "email": "mlichtfothe@noaa.gov",
    "gender": "Male",
    "ip_address": "197.226.181.172"
  }, {
    "id": 16,
    "first_name": "Ransell",
    "last_name": "Sharrock",
    "email": "rsharrockf@squidoo.com",
    "gender": "Male",
    "ip_address": "216.200.41.179"
  }, {
    "id": 17,
    "first_name": "Culley",
    "last_name": "Everitt",
    "email": "ceverittg@biblegateway.com",
    "gender": "Male",
    "ip_address": "162.160.87.63"
  }, {
    "id": 18,
    "first_name": "Ellerey",
    "last_name": "Dye",
    "email": "edyeh@latimes.com",
    "gender": "Male",
    "ip_address": "166.222.38.208"
  }, {
    "id": 19,
    "first_name": "Nelli",
    "last_name": "Dawbury",
    "email": "ndawburyi@wiley.com",
    "gender": "Female",
    "ip_address": "236.173.62.232"
  }, {
    "id": 20,
    "first_name": "Thomas",
    "last_name": "Hugueville",
    "email": "thuguevillej@surveymonkey.com",
    "gender": "Male",
    "ip_address": "102.131.222.2"
  }, {
    "id": 21,
    "first_name": "Bradford",
    "last_name": "Haughan",
    "email": "bhaughank@printfriendly.com",
    "gender": "Male",
    "ip_address": "52.131.189.223"
  }, {
    "id": 22,
    "first_name": "Brynne",
    "last_name": "Swine",
    "email": "bswinel@fotki.com",
    "gender": "Female",
    "ip_address": "97.1.67.92"
  }, {
    "id": 23,
    "first_name": "Petunia",
    "last_name": "Fancy",
    "email": "pfancym@vinaora.com",
    "gender": "Female",
    "ip_address": "163.68.252.12"
  }, {
    "id": 24,
    "first_name": "Agnola",
    "last_name": "Brideau",
    "email": "abrideaun@rakuten.co.jp",
    "gender": "Female",
    "ip_address": "81.205.152.19"
  }, {
    "id": 25,
    "first_name": "Martha",
    "last_name": "Ellam",
    "email": "mellamo@google.co.uk",
    "gender": "Female",
    "ip_address": "178.171.238.238"
  }, {
    "id": 26,
    "first_name": "Leslie",
    "last_name": "Witch",
    "email": "lwitchp@constantcontact.com",
    "gender": "Male",
    "ip_address": "222.27.99.205"
  }, {
    "id": 27,
    "first_name": "Gradey",
    "last_name": "Pettisall",
    "email": "gpettisallq@dmoz.org",
    "gender": "Male",
    "ip_address": "170.220.180.176"
  }, {
    "id": 28,
    "first_name": "Mandel",
    "last_name": "Badini",
    "email": "mbadinir@usatoday.com",
    "gender": "Male",
    "ip_address": "246.137.62.199"
  }, {
    "id": 29,
    "first_name": "Robby",
    "last_name": "Ubsdale",
    "email": "rubsdales@tinypic.com",
    "gender": "Female",
    "ip_address": "60.200.36.16"
  }, {
    "id": 30,
    "first_name": "Pollyanna",
    "last_name": "Oloman",
    "email": "polomant@wisc.edu",
    "gender": "Female",
    "ip_address": "180.73.1.57"
  }, {
    "id": 31,
    "first_name": "Isidro",
    "last_name": "Alpin",
    "email": "ialpinu@nature.com",
    "gender": "Male",
    "ip_address": "213.13.76.183"
  }, {
    "id": 32,
    "first_name": "Jinny",
    "last_name": "Daunter",
    "email": "jdaunterv@irs.gov",
    "gender": "Female",
    "ip_address": "35.13.97.252"
  }, {
    "id": 33,
    "first_name": "Scarlet",
    "last_name": "Stowers",
    "email": "sstowersw@yolasite.com",
    "gender": "Female",
    "ip_address": "189.160.150.142"
  }, {
    "id": 34,
    "first_name": "Heidi",
    "last_name": "Posthill",
    "email": "hposthillx@shutterfly.com",
    "gender": "Female",
    "ip_address": "233.143.78.11"
  }, {
    "id": 35,
    "first_name": "Yevette",
    "last_name": "Stadding",
    "email": "ystaddingy@china.com.cn",
    "gender": "Female",
    "ip_address": "158.61.102.199"
  }, {
    "id": 36,
    "first_name": "Kalina",
    "last_name": "Coatsworth",
    "email": "kcoatsworthz@boston.com",
    "gender": "Female",
    "ip_address": "186.169.40.212"
  }, {
    "id": 37,
    "first_name": "Catlee",
    "last_name": "McGowing",
    "email": "cmcgowing10@twitpic.com",
    "gender": "Female",
    "ip_address": "76.138.97.19"
  }, {
    "id": 38,
    "first_name": "Nolana",
    "last_name": "Baldery",
    "email": "nbaldery11@mashable.com",
    "gender": "Female",
    "ip_address": "79.131.145.93"
  }, {
    "id": 39,
    "first_name": "Latisha",
    "last_name": "Beavington",
    "email": "lbeavington12@intel.com",
    "gender": "Female",
    "ip_address": "182.46.211.120"
  }, {
    "id": 40,
    "first_name": "Jaclin",
    "last_name": "Tassell",
    "email": "jtassell13@squarespace.com",
    "gender": "Female",
    "ip_address": "18.153.203.222"
  }, {
    "id": 41,
    "first_name": "Jeremy",
    "last_name": "Pavelka",
    "email": "jpavelka14@photobucket.com",
    "gender": "Male",
    "ip_address": "103.140.0.12"
  }, {
    "id": 42,
    "first_name": "Mile",
    "last_name": "Bimrose",
    "email": "mbimrose15@irs.gov",
    "gender": "Male",
    "ip_address": "10.175.130.4"
  }, {
    "id": 43,
    "first_name": "Fayette",
    "last_name": "Pering",
    "email": "fpering16@netvibes.com",
    "gender": "Female",
    "ip_address": "214.238.170.129"
  }, {
    "id": 44,
    "first_name": "Analise",
    "last_name": "Lickorish",
    "email": "alickorish17@wsj.com",
    "gender": "Female",
    "ip_address": "160.200.164.107"
  }, {
    "id": 45,
    "first_name": "Euell",
    "last_name": "Vasyuchov",
    "email": "evasyuchov18@csmonitor.com",
    "gender": "Male",
    "ip_address": "88.116.67.33"
  }, {
    "id": 46,
    "first_name": "Tiebout",
    "last_name": "Plumb",
    "email": "tplumb19@globo.com",
    "gender": "Male",
    "ip_address": "56.234.68.187"
  }, {
    "id": 47,
    "first_name": "Fifine",
    "last_name": "Macvey",
    "email": "fmacvey1a@admin.ch",
    "gender": "Female",
    "ip_address": "69.90.167.83"
  }, {
    "id": 48,
    "first_name": "Rick",
    "last_name": "Fatkin",
    "email": "rfatkin1b@mac.com",
    "gender": "Male",
    "ip_address": "10.115.5.28"
  }, {
    "id": 49,
    "first_name": "Arne",
    "last_name": "Cleynman",
    "email": "acleynman1c@samsung.com",
    "gender": "Male",
    "ip_address": "105.31.161.138"
  }, {
    "id": 50,
    "first_name": "Gwendolyn",
    "last_name": "Wainer",
    "email": "gwainer1d@newsvine.com",
    "gender": "Female",
    "ip_address": "103.82.86.3"
  }, {
    "id": 51,
    "first_name": "Timotheus",
    "last_name": "Warder",
    "email": "twarder1e@quantcast.com",
    "gender": "Male",
    "ip_address": "137.176.230.185"
  }, {
    "id": 52,
    "first_name": "Thedrick",
    "last_name": "Slocumb",
    "email": "tslocumb1f@patch.com",
    "gender": "Male",
    "ip_address": "24.42.201.132"
  }, {
    "id": 53,
    "first_name": "Lucina",
    "last_name": "Gibling",
    "email": "lgibling1g@jugem.jp",
    "gender": "Female",
    "ip_address": "94.25.12.228"
  }, {
    "id": 54,
    "first_name": "Dionne",
    "last_name": "Teissier",
    "email": "dteissier1h@moonfruit.com",
    "gender": "Female",
    "ip_address": "6.132.255.30"
  }, {
    "id": 55,
    "first_name": "Vicky",
    "last_name": "Stratten",
    "email": "vstratten1i@sourceforge.net",
    "gender": "Female",
    "ip_address": "234.196.133.172"
  }, {
    "id": 56,
    "first_name": "Chevalier",
    "last_name": "Mottini",
    "email": "cmottini1j@hatena.ne.jp",
    "gender": "Male",
    "ip_address": "232.43.199.32"
  }, {
    "id": 57,
    "first_name": "Corey",
    "last_name": "Boardman",
    "email": "cboardman1k@businessweek.com",
    "gender": "Female",
    "ip_address": "15.74.116.237"
  }, {
    "id": 58,
    "first_name": "Efren",
    "last_name": "Baughan",
    "email": "ebaughan1l@army.mil",
    "gender": "Male",
    "ip_address": "60.162.162.129"
  }, {
    "id": 59,
    "first_name": "Robin",
    "last_name": "Seeney",
    "email": "rseeney1m@earthlink.net",
    "gender": "Female",
    "ip_address": "56.171.247.94"
  }, {
    "id": 60,
    "first_name": "Vernen",
    "last_name": "Whittleton",
    "email": "vwhittleton1n@t-online.de",
    "gender": "Male",
    "ip_address": "232.11.210.21"
  }, {
    "id": 61,
    "first_name": "Rivi",
    "last_name": "Cullity",
    "email": "rcullity1o@foxnews.com",
    "gender": "Female",
    "ip_address": "81.156.61.179"
  }, {
    "id": 62,
    "first_name": "Henri",
    "last_name": "Cawthery",
    "email": "hcawthery1p@theatlantic.com",
    "gender": "Male",
    "ip_address": "144.87.157.204"
  }, {
    "id": 63,
    "first_name": "Hurlee",
    "last_name": "Vannucci",
    "email": "hvannucci1q@zdnet.com",
    "gender": "Male",
    "ip_address": "31.13.189.48"
  }, {
    "id": 64,
    "first_name": "Melvin",
    "last_name": "Kellaway",
    "email": "mkellaway1r@utexas.edu",
    "gender": "Male",
    "ip_address": "72.58.85.51"
  }, {
    "id": 65,
    "first_name": "Delainey",
    "last_name": "Libero",
    "email": "dlibero1s@hao123.com",
    "gender": "Male",
    "ip_address": "239.120.71.99"
  }, {
    "id": 66,
    "first_name": "Dale",
    "last_name": "Collyns",
    "email": "dcollyns1t@seattletimes.com",
    "gender": "Male",
    "ip_address": "1.162.247.132"
  }, {
    "id": 67,
    "first_name": "Vivyan",
    "last_name": "Victoria",
    "email": "vvictoria1u@imageshack.us",
    "gender": "Female",
    "ip_address": "245.7.234.172"
  }, {
    "id": 68,
    "first_name": "Piggy",
    "last_name": "Stoller",
    "email": "pstoller1v@facebook.com",
    "gender": "Male",
    "ip_address": "2.117.110.223"
  }, {
    "id": 69,
    "first_name": "Kirstyn",
    "last_name": "Dellenty",
    "email": "kdellenty1w@blog.com",
    "gender": "Female",
    "ip_address": "205.38.135.211"
  }, {
    "id": 70,
    "first_name": "Gilberta",
    "last_name": "Lippo",
    "email": "glippo1x@dailymotion.com",
    "gender": "Female",
    "ip_address": "150.238.147.157"
  }, {
    "id": 71,
    "first_name": "Philippe",
    "last_name": "Kimbrey",
    "email": "pkimbrey1y@guardian.co.uk",
    "gender": "Female",
    "ip_address": "164.44.203.121"
  }, {
    "id": 72,
    "first_name": "Lev",
    "last_name": "Alfonsetti",
    "email": "lalfonsetti1z@jalbum.net",
    "gender": "Male",
    "ip_address": "117.77.71.202"
  }, {
    "id": 73,
    "first_name": "Anjanette",
    "last_name": "Bramhill",
    "email": "abramhill20@businesswire.com",
    "gender": "Female",
    "ip_address": "140.174.94.90"
  }, {
    "id": 74,
    "first_name": "Lanni",
    "last_name": "Busfield",
    "email": "lbusfield21@mtv.com",
    "gender": "Female",
    "ip_address": "161.228.153.91"
  }, {
    "id": 75,
    "first_name": "Cathrin",
    "last_name": "Dallin",
    "email": "cdallin22@liveinternet.ru",
    "gender": "Female",
    "ip_address": "174.226.195.207"
  }, {
    "id": 76,
    "first_name": "Alyssa",
    "last_name": "Touzey",
    "email": "atouzey23@theglobeandmail.com",
    "gender": "Female",
    "ip_address": "113.82.251.17"
  }, {
    "id": 77,
    "first_name": "Parsifal",
    "last_name": "Mirando",
    "email": "pmirando24@rediff.com",
    "gender": "Male",
    "ip_address": "198.23.183.67"
  }, {
    "id": 78,
    "first_name": "Halimeda",
    "last_name": "Figliovanni",
    "email": "hfigliovanni25@bloglines.com",
    "gender": "Female",
    "ip_address": "247.114.165.133"
  }, {
    "id": 79,
    "first_name": "Gaelan",
    "last_name": "Spinney",
    "email": "gspinney26@google.com",
    "gender": "Male",
    "ip_address": "196.75.15.39"
  }, {
    "id": 80,
    "first_name": "Royall",
    "last_name": "McKeefry",
    "email": "rmckeefry27@istockphoto.com",
    "gender": "Male",
    "ip_address": "50.145.109.72"
  }, {
    "id": 81,
    "first_name": "Rafaelita",
    "last_name": "Ravel",
    "email": "rravel28@ftc.gov",
    "gender": "Female",
    "ip_address": "181.126.149.52"
  }, {
    "id": 82,
    "first_name": "Bradney",
    "last_name": "Comellini",
    "email": "bcomellini29@pen.io",
    "gender": "Male",
    "ip_address": "221.211.199.111"
  }, {
    "id": 83,
    "first_name": "Lona",
    "last_name": "Simkovich",
    "email": "lsimkovich2a@so-net.ne.jp",
    "gender": "Female",
    "ip_address": "135.225.110.112"
  }, {
    "id": 84,
    "first_name": "Kipp",
    "last_name": "Lalonde",
    "email": "klalonde2b@ycombinator.com",
    "gender": "Male",
    "ip_address": "98.8.90.105"
  }, {
    "id": 85,
    "first_name": "Hanna",
    "last_name": "Ife",
    "email": "hife2c@addtoany.com",
    "gender": "Female",
    "ip_address": "75.188.6.242"
  }, {
    "id": 86,
    "first_name": "Giordano",
    "last_name": "Trainor",
    "email": "gtrainor2d@ning.com",
    "gender": "Male",
    "ip_address": "44.214.187.129"
  }, {
    "id": 87,
    "first_name": "Carver",
    "last_name": "Giacomini",
    "email": "cgiacomini2e@seattletimes.com",
    "gender": "Male",
    "ip_address": "183.144.91.214"
  }, {
    "id": 88,
    "first_name": "Ursa",
    "last_name": "Phayre",
    "email": "uphayre2f@sakura.ne.jp",
    "gender": "Female",
    "ip_address": "62.195.23.23"
  }, {
    "id": 89,
    "first_name": "Aurea",
    "last_name": "Cromblehome",
    "email": "acromblehome2g@quantcast.com",
    "gender": "Female",
    "ip_address": "21.109.222.172"
  }, {
    "id": 90,
    "first_name": "Washington",
    "last_name": "Rissom",
    "email": "wrissom2h@alibaba.com",
    "gender": "Male",
    "ip_address": "55.48.140.212"
  }, {
    "id": 91,
    "first_name": "Kalila",
    "last_name": "Bennit",
    "email": "kbennit2i@hexun.com",
    "gender": "Female",
    "ip_address": "44.47.224.119"
  }, {
    "id": 92,
    "first_name": "Aldwin",
    "last_name": "Stairmand",
    "email": "astairmand2j@ustream.tv",
    "gender": "Male",
    "ip_address": "39.151.176.170"
  }, {
    "id": 93,
    "first_name": "Reinhold",
    "last_name": "Jordon",
    "email": "rjordon2k@sohu.com",
    "gender": "Male",
    "ip_address": "208.17.16.0"
  }, {
    "id": 94,
    "first_name": "Lorianna",
    "last_name": "Trattles",
    "email": "ltrattles2l@cornell.edu",
    "gender": "Female",
    "ip_address": "98.68.39.233"
  }, {
    "id": 95,
    "first_name": "Yorker",
    "last_name": "Ogger",
    "email": "yogger2m@craigslist.org",
    "gender": "Male",
    "ip_address": "251.122.120.135"
  }, {
    "id": 96,
    "first_name": "Lewes",
    "last_name": "Slay",
    "email": "lslay2n@nytimes.com",
    "gender": "Male",
    "ip_address": "178.199.192.137"
  }, {
    "id": 97,
    "first_name": "Hillary",
    "last_name": "Mitchelmore",
    "email": "hmitchelmore2o@sbwire.com",
    "gender": "Male",
    "ip_address": "83.38.133.37"
  }, {
    "id": 98,
    "first_name": "Bentley",
    "last_name": "Bowser",
    "email": "bbowser2p@diigo.com",
    "gender": "Male",
    "ip_address": "255.185.31.153"
  }, {
    "id": 99,
    "first_name": "Niel",
    "last_name": "Hyne",
    "email": "nhyne2q@tuttocitta.it",
    "gender": "Male",
    "ip_address": "135.155.137.223"
  }, {
    "id": 100,
    "first_name": "Torrance",
    "last_name": "Challicum",
    "email": "tchallicum2r@reuters.com",
    "gender": "Male",
    "ip_address": "196.4.139.97"
  }]